# temperature_K	TaN_x_W_per_m2K	TaN_y_W_per_m2K	TaN_z_W_per_m2K	Borophene_x_W_per_m2K	Borophene_y_W_per_m2K	Borophene_beta12_x_W_per_m2K	Borophene_beta12_y_W_per_m2K	Stanene_x_W_per_m2K	Stanene_y_W_per_m2K	Phosphorene_x_W_per_m2K	Phosphorene_y_W_per_m2K	Graphene_x_W_per_m2K	Silicon_x_W_per_m2K
0.00000000	0.000000000000e+00	0.000000000000e+00	0.000000000000e+00	0.000000000000e+00	0.000000000000e+00	0.000000000000e+00	0.000000000000e+00	0.000000000000e+00	0.000000000000e+00	0.000000000000e+00	0.000000000000e+00	0.000000000000e+00	0.000000000000e+00
2.00000000	2.158494880081e+05	2.176308300402e+05	2.112690545807e+05	2.034539063117e+05	2.009152953479e+05	9.912111298323e+04	2.350094902228e+05	2.877244183349e+06	2.687474136882e+06	2.255997465874e+06	9.119223615678e+05	3.478579513291e-04	2.552023688583e+02
4.00000000	6.217448765227e+05	7.121088076190e+05	6.093316769291e+05	3.477428431180e+06	3.331055024877e+06	1.172116165628e+06	2.767558820154e+06	1.031635408731e+07	1.018898976492e+07	9.242492828693e+06	4.968214671953e+06	4.616764594455e+02	2.821399205132e+04
6.00000000	1.080008425023e+06	1.443631140792e+06	1.069626491709e+06	8.619788396063e+06	7.821926272834e+06	3.308137426648e+06	6.969218079618e+06	2.121674563446e+07	2.119417167250e+07	2.029048696002e+07	1.217472596726e+07	3.836295961311e+04	1.074972617193e+05
8.00000000	1.703963687527e+06	2.464850326899e+06	1.717427695281e+06	1.478212814896e+07	1.302497402032e+07	6.761143575486e+06	1.235506371664e+07	3.526848139568e+07	3.555230038325e+07	3.493637388439e+07	2.205218265134e+07	3.428207290212e+05	2.123402602152e+05
10.00000000	2.605719119631e+06	3.798995004852e+06	2.659216461593e+06	2.200892105749e+07	1.911369955648e+07	1.127317494227e+07	1.878809598787e+07	5.125256876872e+07	5.199859416949e+07	5.296371496505e+07	3.432432932411e+07	1.339607374446e+06	3.427388789474e+05
12.00000000	3.879156911459e+06	5.489278908112e+06	3.973361636268e+06	3.040822753544e+07	2.608664516451e+07	1.652398237998e+07	2.633719381938e+07	6.751706293299e+07	6.878703273795e+07	7.433060800464e+07	4.866011853527e+07	3.465674679825e+06	5.113925830667e+05
14.00000000	5.615268621734e+06	7.609235846929e+06	5.733245942988e+06	4.003609238616e+07	3.391276129574e+07	2.234522928695e+07	3.509292480464e+07	8.284002029272e+07	8.462630115199e+07	9.901268142749e+07	6.468609257888e+07	7.015494379398e+06	7.390408311546e+05
16.00000000	7.914043688094e+06	1.025782065826e+07	8.019083474460e+06	5.089463400668e+07	4.257980310784e+07	2.867935774367e+07	4.510128924673e+07	9.663954566969e+07	9.889951214876e+07	1.268921461127e+08	8.206461904986e+07	1.210419347596e+07	1.054104554470e+06
18.00000000	1.088790594265e+07	1.355245677976e+07	1.091851481274e+07	6.296280422713e+07	5.208840294103e+07	3.552430451154e+07	5.636530977773e+07	1.088109751043e+08	1.114909530465e+08	1.577259558037e+08	1.005682646521e+08	1.871440042696e+07	1.490350706565e+06
20.00000000	1.465876764349e+07	1.762116940239e+07	1.452173350959e+07	7.622306816570e+07	6.244563809968e+07	4.290339605293e+07	6.886035661268e+07	1.195113568256e+08	1.225589395947e+08	1.911694103722e+08	1.200955278799e+08	2.675829840794e+07	2.082507467369e+06
22.00000000	1.935014509265e+07	2.259271365638e+07	1.891446661771e+07	9.067733929479e+07	7.366526758764e+07	5.085082303784e+07	8.254606939576e+07	1.290021395382e+08	1.323707506504e+08	2.268217799565e+08	1.406377610519e+08	3.612274291210e+07	2.861435515991e+06
24.00000000	2.507627788022e+07	2.858513955752e+07	2.417067416844e+07	1.063537975602e+08	8.577069386227e+07	5.940358639480e+07	9.737303520308e+07	1.375578523918e+08	1.412072875018e+08	2.642708534313e+08	1.622300422629e+08	4.669450396399e+07	3.850382414370e+06
26.00000000	3.193100359272e+07	3.569475617602e+07	3.034630176170e+07	1.233072025121e+08	9.879728661464e+07	6.859592047029e+07	1.132860265956e+08	1.454217548273e+08	1.493171395294e+08	3.031255614031e+08	1.849090355206e+08	5.837174197564e+07	5.063023412583e+06
28.00000000	3.997890851258e+07	4.398760166772e+07	3.747497789025e+07	1.416149514294e+08	1.127926773112e+08	7.845510407755e+07	1.302256371506e+08	1.527895493316e+08	1.568999996092e+08	3.430345810962e+08	2.086862769684e+08	7.106772451789e+07	6.503230601977e+06
30.00000000	4.925019995215e+07	5.349465999433e+07	4.556602315202e+07	1.613706550318e+08	1.278149393977e+08	8.899861934510e+07	1.481294699375e+08	1.598080155271e+08	1.641055403594e+08	3.836933914778e+08	2.335362949008e+08	8.471072659633e+07	8.166107924662e+06
32.00000000	5.973954913938e+07	6.421098760867e+07	5.460466408485e+07	1.826765832122e+08	1.439291932866e+08	1.002327464303e+08	1.669334190998e+08	1.665805913278e+08	1.710393723901e+08	4.248436752198e+08	2.593955165867e+08	9.924232598867e+07	1.003973842009e+07
34.00000000	7.140830221396e+07	7.609812578172e+07	6.455403042790e+07	2.056359877645e+08	1.612033674630e+08	1.121525055189e+08	1.865731785710e+08	1.731754414734e+08	1.777714444307e+08	4.662686530563e+08	2.861676052928e+08	1.146152212925e+08	1.210717436046e+07
36.00000000	8.418905694722e+07	8.908880387654e+07	7.535837895554e+07	2.303460262935e+08	1.797038032473e+08	1.247426745535e+08	2.069858940229e+08	1.796337036435e+08	1.843445195272e+08	5.077869551378e+08	3.137317887287e+08	1.307910952655e+08	1.434834595930e+07
38.00000000	9.799155695499e+07	1.030929032114e+08	8.694698929554e+07	2.568917728006e+08	1.994912370687e+08	1.379795200112e+08	2.281117910666e+08	1.859768424565e+08	1.907816601946e+08	5.492466015511e+08	3.419518743070e+08	1.477387301066e+08	1.674170431149e+07
40.00000000	1.127090136677e+08	1.180038101837e+08	9.923826126783e+07	2.853415943385e+08	2.206175076918e+08	1.518328791784e+08	2.498956129692e+08	1.922127233300e+08	1.970923582851e+08	5.905198486683e+08	3.706845995858e+08	1.654324268097e+08	1.926552207526e+07
42.00000000	1.282242040261e+08	1.337045216874e+08	1.121436612052e+08	3.157439978861e+08	2.431231610558e+08	1.662682928265e+08	2.722877438691e+08	1.983403712452e+08	2.032773012041e+08	6.314991195173e+08	3.997866476144e+08	1.838507125297e+08	2.189884666642e+07
44.00000000	1.444149293954e+08	1.500730991650e+08	1.255712840147e+08	3.481259107641e+08	2.670359842829e+08	1.812489724532e+08	2.952449502507e+08	2.043535450618e+08	2.093319271004e+08	6.720939370678e+08	4.291200968858e+08	2.029752958933e+08	2.462214113892e+07
46.00000000	1.611586193012e+08	1.669872620023e+08	1.394289007091e+08	3.824922547735e+08	2.923704002441e+08	1.967374716579e+08	3.187307270372e+08	2.102433203150e+08	2.152489775110e+08	7.122286506156e+08	4.585563355746e+08	2.227902271808e+08	2.741766611113e+07
48.00000000	1.783360100519e+08	1.843280545638e+08	1.536264408727e+08	4.188266087619e+08	3.191275930461e+08	2.126970031408e+08	3.427152765320e+08	2.159998815904e+08	2.210202582918e+08	7.518407214489e+08	4.879786073192e+08	2.432812258446e+08	3.026966009742e+07
50.00000000	1.958339257821e+08	2.019826166576e+08	1.680779157710e+08	4.570927227676e+08	3.472962063712e+08	2.290923961545e+08	3.671751760227e+08	2.216137078327e+08	2.266377975172e+08	7.908793641725e+08	5.172834152442e+08	2.644351455652e+08	3.316437161149e+07
52.00000000	2.135472470189e+08	2.198461435140e+08	1.827028237208e+08	4.972366428343e+08	3.768534524954e+08	2.458907241751e+08	3.920928040771e+08	2.270763059979e+08	2.320945580778e+08	8.293043909081e+08	5.463810231915e+08	2.862395540571e+08	3.608998866083e+07
54.00000000	2.313801800606e+08	2.378231488042e+08	1.974270992811e+08	5.391892215433e+08	4.077664819207e+08	2.630616519816e+08	4.174555990533e+08	2.323806186507e+08	2.373848310556e+08	8.670851576459e+08	5.751952788691e+08	3.086824101125e+08	3.903650238408e+07
56.00000000	2.492469487559e+08	2.558281521238e+08	2.121836762083e+08	5.828688179501e+08	4.399938849939e+08	2.805775590223e+08	4.432552192222e+08	2.375212035373e+08	2.425044073572e+08	9.041995558235e+08	6.036629560559e+08	3.317518238577e+08	4.199553306789e+07
58.00000000	2.670720261988e+08	2.737859081191e+08	2.269127346813e+08	6.281840256688e+08	4.734872222986e+08	2.984134956045e+08	4.694866650673e+08	2.424942595050e+08	2.474506009578e+08	9.406330245814e+08	6.317327803533e+08	3.554358882725e+08	4.496013932703e+07
60.00000000	2.847900129105e+08	2.916312834403e+08	2.415616990456e+08	6.750363044772e+08	5.081925062922e+08	3.165470231884e+08	4.961474131559e+08	2.472975538020e+08	2.522221776333e+08	9.763775803983e+08	6.593642701355e+08	3.797225711703e+08	4.792462508436e+07
62.00000000	3.023452539799e+08	3.093088736278e+08	2.560850453905e+08	7.233224256258e+08	5.440515802313e+08	3.349579822795e+08	5.232365992187e+08	2.519302905057e+08	2.568192278240e+08	1.011430872848e+09	6.865264940442e+08	4.045996574909e+08	5.088435413580e+07
64.00000000	3.196912727657e+08	3.267724372251e+08	2.704439701953e+08	7.729366719370e+08	5.810033606316e+08	3.536282227811e+08	5.507542769064e+08	2.563929480733e+08	2.612430106612e+08	1.045795280433e+09	7.131968199381e+08	4.300547322468e+08	5.383557838846e+07
66.00000000	3.367900845118e+08	3.439842102176e+08	2.846059630224e+08	8.237727597395e+08	6.189849258526e+08	3.725413232749e+08	5.787007688107e+08	2.606871051606e+08	2.654957875168e+08	1.079477061085e+09	7.393597080813e+08	4.560751949950e+08	5.677528313511e+07
68.00000000	3.536114403376e+08	3.609141510734e+08	2.985443183973e+08	8.757254704047e+08	6.579324459154e+08	3.916823181728e+08	6.070761180790e+08	2.648152673381e+08	2.695806570889e+08	1.112485569826e+09	7.650055834946e+08	4.826482973718e+08	5.970105078239e+07
70.00000000	3.701320408394e+08	3.775391554852e+08	3.122376149293e+08	9.286919949677e+08	6.977819577163e+08	4.110374453229e+08	6.358796423934e+08	2.687807026175e+08	2.735013994777e+08	1.144832552634e+09	7.901298084090e+08	5.097611960652e+08	6.261094311325e+07
72.00000000	3.863347490451e+08	3.938422704619e+08	3.256691835185e+08	9.825730065491e+08	7.384699958936e+08	4.305939215459e+08	6.651095871561e+08	2.725872903651e+08	2.772623335038e+08	1.176531521744e+09	8.147317651816e+08	5.374010145659e+08	6.550340128793e+07
74.00000000	4.022078245911e+08	4.098119295827e+08	3.388265812133e+08	1.037273482736e+09	7.799340932986e+08	4.503397496475e+08	6.947628712329e+08	2.762393858719e+08	2.808681893122e+08	1.207597213953e+09	8.388140522878e+08	5.655549080986e+08	6.837716225210e+07
76.00000000	4.177441946032e+08	4.254412248584e+08	3.517010828730e+08	1.092703304429e+09	8.221131668655e+08	4.702635575865e+08	7.248349163494e+08	2.797417012934e+08	2.843239968385e+08	1.238045130398e+09	8.623817905803e+08	5.942101272242e+08	7.123118993204e+07
78.00000000	4.329407716436e+08	4.407272255487e+08	3.642871991829e+08	1.148777659610e+09	8.649478051479e+08	4.903544684898e+08	7.553195499707e+08	2.830992026710e+08	2.876349897684e+08	1.267891153844e+09	8.854420334062e+08	6.233540766607e+08	7.406461948005e+07
80.00000000	4.477978250684e+08	4.556703502745e+08	3.765822266666e+08	1.205417280669e+09	9.083804733046e+08	5.106019989347e+08	7.862089710050e+08	2.863170221261e+08	2.908065240489e+08	1.297151237746e+09	9.080032719871e+08	6.529743668655e+08	7.687671283442e+07
82.00000000	4.623184090276e+08	4.702737956633e+08	3.885858330481e+08	1.262548542812e+09	9.523556502160e+08	5.309959822013e+08	8.174937677648e+08	2.894003839736e+08	2.938440096960e+08	1.325841160240e+09	9.300750263331e+08	6.830588568019e+08	7.966682393546e+07
84.00000000	4.765078479809e+08	4.845430224086e+08	4.002996795391e+08	1.320103449138e+09	9.968199109403e+08	5.515265128902e+08	8.491629781204e+08	2.923545433420e+08	2.967528545050e+08	1.353976335618e+09	9.516675115898e+08	7.135956870803e+08	8.243437206239e+07
86.00000000	4.903732788549e+08	4.984852978817e+08	4.117270802752e+08	1.378019525581e+09	1.041721966087e+09	5.721839092848e+08	8.812041825555e+08	2.951847358465e+08	2.995384182435e+08	1.381571675700e+09	9.727913698827e+08	7.445733032875e+08	8.517882190416e+07
88.00000000	5.039232477123e+08	5.121092931795e+08	4.228726981270e+08	1.436239646175e+09	1.087012668016e+09	5.929586900194e+08	9.136036217673e+08	2.978961369057e+08	3.022059759586e+08	1.408641493679e+09	9.934574582414e+08	7.759804698178e+08	8.789966913484e+07
90.00000000	5.171673579403e+08	5.254247316262e+08	4.337422753986e+08	1.494711806452e+09	1.132644992161e+09	6.138415619179e+08	9.463463314702e+08	3.004938293756e+08	3.047606891168e+08	1.435199443439e+09	1.013676683914e+09	8.078062748908e+08	9.059643042178e+07
92.00000000	5.301159664096e+08	5.384420851941e+08	4.443423974357e+08	1.553388860069e+09	1.178574000310e+09	6.348234162349e+08	9.794162880848e+08	3.029827782905e+08	3.072075834132e+08	1.461258487891e+09	1.033459879240e+09	8.400401277001e+08	9.326863694551e+07
94.00000000	5.427799237395e+08	5.511723149877e+08	4.546802868613e+08	1.612228231339e+09	1.224756791333e+09	6.558953309277e+08	1.012796559992e+09	3.053678116233e+08	3.095515322061e+08	1.486830890540e+09	1.052817709130e+09	8.726717487963e+08	9.591583064959e+07
96.00000000	5.551703546713e+08	5.636266518040e+08	4.647636259849e+08	1.671191614045e+09	1.271152443691e+09	6.770485769725e+08	1.046469459961e+09	3.076536061003e+08	3.117972446572e+08	1.511928225174e+09	1.071760605099e+09	9.056911548922e+08	9.853756256579e+07
98.00000000	5.672984745547e+08	5.758164127797e+08	4.746004048687e+08	1.730244664919e+09	1.317721953096e+09	6.982746271114e+08	1.080416695227e+09	3.098446772309e+08	3.139492577755e+08	1.536561399247e+09	1.090298720627e+09	9.390886392863e+08	1.011333926722e+08
100.00000000	5.791754380568e+08	5.877528502425e+08	4.841987925510e+08	1.789356698401e+09	1.364428167819e+09	7.195651657472e+08	1.114619512432e+09	3.119453728189e+08	3.160119316713e+08	1.560740687222e+09	1.108441903408e+09	9.728547490652e+08	1.037028908416e+08
102.00000000	5.908122163757e+08	5.994470290546e+08	4.935670289997e+08	1.848500387763e+09	1.411235723524e+09	7.409120989999e+08	1.149058835349e+09	3.139598693302e+08	3.179894474259e+08	1.584475770699e+09	1.126199680768e+09	1.006980260171e+09	1.062456385214e+08
104.00000000	6.022194994648e+08	6.109097289556e+08	5.027133354834e+08	1.907651476430e+09	1.458110978898e+09	7.623075641929e+08	1.183715393856e+09	3.158921705796e+08	3.198858070716e+08	1.607775782782e+09	1.143581255123e+09	1.041456151317e+09	1.087612308632e+08
106.00000000	6.134076200221e+08	6.221513686655e+08	5.116458411870e+08	1.966788502224e+09	1.505021952965e+09	7.837439382515e+08	1.218569843135e+09	3.177461082823e+08	3.217048352532e+08	1.630649354562e+09	1.160595506951e+09	1.076273577611e+09	1.112492790764e+08
108.00000000	6.243864962666e+08	6.331819487705e+08	5.203725240579e+08	2.025892536380e+09	1.551938264608e+09	8.052138446717e+08	1.253602872487e+09	3.195253440862e+08	3.234501822129e+08	1.653104662106e+09	1.177251003189e+09	1.111423844642e+09	1.137094128391e+08
110.00000000	6.351655907945e+08	6.440110106871e+08	5.289011640289e+08	2.084946938504e+09	1.598831074580e+09	8.267101588608e+08	1.288795303458e+09	3.212333727639e+08	3.251253277951e+08	1.675149472655e+09	1.193556009383e+09	1.146898383625e+09	1.161412826365e+08
112.00000000	6.457538830756e+08	6.546476092645e+08	5.372393069362e+08	2.143937128010e+09	1.645673030107e+09	8.482260117633e+08	1.324128177294e+09	3.228735262946e+08	3.267335862239e+08	1.696791189091e+09	1.209518504285e+09	1.182688728110e+09	1.185445619357e+08
114.00000000	6.561598534079e+08	6.651002968454e+08	5.453942376088e+08	2.202850372192e+09	1.692438212035e+09	8.697547917699e+08	1.359582831903e+09	3.244489786144e+08	3.282781114444e+08	1.718036891993e+09	1.225146195844e+09	1.218786492618e+09	1.209189491345e+08
116.00000000	6.663914763950e+08	6.753771168512e+08	5.533729607670e+08	2.261675590707e+09	1.739102084409e+09	8.912901449742e+08	1.395140968708e+09	3.259627508494e+08	3.297619028577e+08	1.738893378805e+09	1.240446537810e+09	1.255183353485e+09	1.232641692416e+08
118.00000000	6.764562222414e+08	6.854856051834e+08	5.611821885160e+08	2.320403175994e+09	1.785641446299e+09	9.128259738837e+08	1.430784709857e+09	3.274177168808e+08	3.311878113125e+08	1.759367199848e+09	1.255426746351e+09	1.291871032075e+09	1.255799752692e+08
120.00000000	6.863610643731e+08	6.954327979524e+08	5.688283333594e+08	2.379024828990e+09	1.832034385671e+09	9.343564347257e+08	1.466496646393e+09	3.288166091197e+08	3.325585452388e+08	1.779464691020e+09	1.270093816244e+09	1.328841280457e+09	1.278661493259e+08
122.00000000	6.961124920864e+08	7.052252442339e+08	5.763175057889e+08	2.437533409368e+09	1.878260235082e+09	9.558759335020e+08	1.502259877982e+09	3.301620243903e+08	3.338766768341e+08	1.799192003162e+09	1.284454536330e+09	1.366085869569e+09	1.301225034161e+08
124.00000000	7.057165271061e+08	7.148690227353e+08	5.836555156226e+08	2.495922799428e+09	1.924299528988e+09	9.773791209605e+08	1.538058044881e+09	3.314564298426e+08	3.351446482298e+08	1.818555128148e+09	1.298515504029e+09	1.403596579817e+09	1.323488799535e+08
126.00000000	7.151787430939e+08	7.243697614113e+08	5.908478763755e+08	2.554187780774e+09	1.970133962463e+09	9.988608866494e+08	1.573875352813e+09	3.327021688303e+08	3.363647775810e+08	1.837559921804e+09	1.312283138795e+09	1.441365194031e+09	1.345451520068e+08
128.00000000	7.245042872906e+08	7.337326592132e+08	5.978998120391e+08	2.612323922842e+09	2.015746351146e+09	1.020316352216e+09	1.609696591413e+09	3.339014667036e+08	3.375392650355e+08	1.856212123844e+09	1.325763694435e+09	1.479383492642e+09	1.367112232964e+08
130.00000000	7.336979036049e+08	7.429625092838e+08	6.048162657387e+08	2.670327482395e+09	2.061120592265e+09	1.041740864107e+09	1.645507146914e+09	3.350564364791e+08	3.386701985496e+08	1.874517374990e+09	1.338963270286e+09	1.517643250930e+09	1.388470279650e+08
132.00000000	7.427639565725e+08	7.520637230210e+08	6.116019098112e+08	2.728195313103e+09	2.106241626589e+09	1.063129985810e+09	1.681293009687e+09	3.361690843568e+08	3.397595595234e+08	1.892481231517e+09	1.351887821259e+09	1.556136238158e+09	1.409525301454e+08
134.00000000	7.517064557085e+08	7.610403545327e+08	6.182611569182e+08	2.785924784375e+09	2.151095401207e+09	1.084479489776e+09	1.717040777250e+09	3.372413150627e+08	3.408092282414e+08	1.910109177432e+09	1.364543166806e+09	1.594854218415e+09	1.430277233504e+08
136.00000000	7.605290798634e+08	7.698961250944e+08	6.247981718685e+08	2.843513708633e+09	2.195668833036e+09	1.105785349131e+09	1.752737653306e+09	3.382749370025e+08	3.418209891028e+08	1.927406634515e+09	1.376934998858e+09	1.633788952960e+09	1.450726297076e+08
138.00000000	7.692352012680e+08	7.786344472922e+08	6.312168838777e+08	2.900960276289e+09	2.239949772998e+09	1.127043729290e+09	1.788371443332e+09	3.392716672145e+08	3.427965356371e+08	1.944378970441e+09	1.389068888813e+09	1.672932203871e+09	1.470872990626e+08
140.00000000	7.778279090150e+08	7.872584486005e+08	6.375209990405e+08	2.958262997716e+09	2.283926970809e+09	1.148250979560e+09	1.823930547215e+09	3.402331361182e+08	3.437374752997e+08	1.961031505216e+09	1.400950293652e+09	1.712275738813e+09	1.490718079722e+08
142.00000000	7.863100317843e+08	7.957709942014e+08	6.437140128297e+08	3.015420651579e+09	2.327590040351e+09	1.169403624810e+09	1.859403949377e+09	3.411608920537e+08	3.446453340482e+08	1.977369516100e+09	1.412584561261e+09	1.751811336718e+09	1.510262586086e+08
144.00000000	7.946841596627e+08	8.041747088943e+08	6.497992224744e+08	3.072432238903e+09	2.370929425609e+09	1.190498357283e+09	1.894781206803e+09	3.420564056132e+08	3.455215607000e+08	1.993398241240e+09	1.423976935046e+09	1.791530794215e+09	1.529507775925e+08
146.00000000	8.029526649528e+08	8.124719979925e+08	6.557797390956e+08	3.129296942360e+09	2.413936367159e+09	1.211532028590e+09	1.930052435326e+09	3.429210737664e+08	3.463675310760e+08	2.009122882170e+09	1.435132557906e+09	1.831425932630e+09	1.548455147732e+08
148.00000000	8.111177218939e+08	8.206650671294e+08	6.616584995080e+08	3.186014090239e+09	2.456602869225e+09	1.232501641939e+09	1.965208294527e+09	3.437562237837e+08	3.471845519347e+08	2.024548605354e+09	1.446056475663e+09	1.871488605396e+09	1.567106419714e+08
150.00000000	8.191813252531e+08	8.287559409300e+08	6.674382776146e+08	3.242583124667e+09	2.498921667298e+09	1.253404344643e+09	2.000239971521e+09	3.445631169615e+08	3.479738647036e+08	2.039680542909e+09	1.456753639992e+09	1.911710705743e+09	1.585463516978e+08
152.00000000	8.271453077612e+08	8.367464805252e+08	6.731216953428e+08	3.299003573654e+09	2.540886196346e+09	1.274237420908e+09	2.035139163908e+09	3.453429521568e+08	3.487366490138e+08	2.054523792660e+09	1.467228910944e+09	1.952084174520e+09	1.603528558612e+08
154.00000000	8.350113563909e+08	8.446383999056e+08	6.787112330829e+08	3.355275026578e+09	2.582490559626e+09	1.294998284948e+09	2.069898062120e+09	3.460968691364e+08	3.494740260463e+08	2.069083417626e+09	1.477487059093e+09	1.992601008049e+09	1.621303844755e+08
156.00000000	8.427810274894e+08	8.524332811252e+08	6.842092396072e+08	3.411397112778e+09	2.623729498132e+09	1.315684474421e+09	2.104509331359e+09	3.468259517483e+08	3.501870616966e+08	2.083364445066e+09	1.487532767395e+09	2.033253265894e+09	1.638791843766e+08
158.00000000	8.504557607888e+08	8.601325883807e+08	6.896179414540e+08	3.467369482935e+09	2.664598360692e+09	1.336293644203e+09	2.138966093323e+09	3.475312309233e+08	3.508767695673e+08	2.097371865167e+09	1.497370632777e+09	2.074033078466e+09	1.655995179565e+08
160.00000000	8.580368923282e+08	8.677376809986e+08	6.949394517729e+08	3.523191792972e+09	2.705093074743e+09	1.356823560498e+09	2.173261907842e+09	3.482136875125e+08	3.515441137939e+08	2.111110629459e+09	1.507005167521e+09	2.114932654392e+09	1.672916619210e+08
162.00000000	8.655256663273e+08	8.752498253720e+08	7.001757786350e+08	3.578863690203e+09	2.745210117811e+09	1.377272095274e+09	2.207390754597e+09	3.488742549703e+08	3.521900117152e+08	2.124585649035e+09	1.516440800471e+09	2.155944287565e+09	1.689559060787e+08
164.00000000	8.729232460587e+08	8.826702058916e+08	7.053288328143e+08	3.634384801522e+09	2.784946489713e+09	1.397637221043e+09	2.241347014995e+09	3.495138218889e+08	3.528153363931e+08	2.137801792633e+09	1.525681878107e+09	2.197060363840e+09	1.705925521636e+08
166.00000000	8.802307237673e+08	8.899999349216e+08	7.104004350556e+08	3.689754723407e+09	2.824299685506e+09	1.417917005953e+09	2.275125454313e+09	3.501332343923e+08	3.534209189916e+08	2.150763884642e+09	1.534732665497e+09	2.238273367336e+09	1.722019126970e+08
168.00000000	8.874491296894e+08	8.972400618729e+08	7.153923228431e+08	3.744973013564e+09	2.863267669197e+09	1.438109609188e+09	2.308721204197e+09	3.507332983967e+08	3.540075510209e+08	2.163476703064e+09	1.543597347184e+09	2.279575886289e+09	1.737843098912e+08
170.00000000	8.945794402245e+08	9.043915814251e+08	7.203061566910e+08	3.800039184040e+09	2.901848848236e+09	1.458213276680e+09	2.342129745551e+09	3.513147817447e+08	3.545759864553e+08	2.175944977490e+09	1.552280027992e+09	2.320960618464e+09	1.753400745967e+08
172.00000000	9.016225853135e+08	9.114554409531e+08	7.251435259747e+08	3.854952695649e+09	2.940042048797e+09	1.478226337093e+09	2.375346891903e+09	3.518784162201e+08	3.551269437305e+08	2.188173387103e+09	1.560784733803e+09	2.362420376081e+09	1.768695452954e+08
174.00000000	9.085794550757e+08	9.184325472099e+08	7.299059543271e+08	3.909712953576e+09	2.977846491863e+09	1.498147198089e+09	2.408368773255e+09	3.524248994482e+08	3.556611076279e+08	2.200166558748e+09	1.569115412300e+09	2.403948090271e+09	1.783730671407e+08
176.00000000	9.154509057573e+08	9.253237723185e+08	7.345949046209e+08	3.964319304036e+09	3.015261770122e+09	1.517974342847e+09	2.441191820472e+09	3.529548966910e+08	3.561791310521e+08	2.211929065081e+09	1.577275933697e+09	2.445536815039e+09	1.798509910443e+08
178.00000000	9.222377650428e+08	9.321299591231e+08	7.392117835614e+08	4.018771031872e+09	3.052287825673e+09	1.537706326828e+09	2.473812750214e+09	3.534690425399e+08	3.566816367066e+08	2.223465422828e+09	1.585270091468e+09	2.487179730751e+09	1.813036728106e+08
180.00000000	9.289408367762e+08	9.388519259501e+08	7.437579459134e+08	4.073067358991e+09	3.088924928553e+09	1.557341774765e+09	2.506228550441e+09	3.539679425140e+08	3.571692186759e+08	2.234780091142e+09	1.593101603078e+09	2.528870147151e+09	1.827314723192e+08
182.00000000	9.355609051407e+08	9.454904708236e+08	7.482346983835e+08	4.127207443543e+09	3.125173656069e+09	1.576879377865e+09	2.538436466483e+09	3.544521745684e+08	3.576424439166e+08	2.245877470099e+09	1.600774110724e+09	2.570601505904e+09	1.841347527526e+08
184.00000000	9.420987383414e+08	9.520463751827e+08	7.526433031823e+08	4.181190379767e+09	3.161034872945e+09	1.596317891214e+09	2.570433987687e+09	3.549222905171e+08	3.581018536646e+08	2.256761899311e+09	1.608291182103e+09	2.612367382710e+09	1.855138798708e+08
186.00000000	9.485550918319e+08	9.585204071403e+08	7.569849812869e+08	4.235015198412e+09	3.196509712274e+09	1.615656131358e+09	2.602218834647e+09	3.553788173773e+08	3.585479647635e+08	2.267437656684e+09	1.615656311187e+09	2.654161488970e+09	1.868692213307e+08
188.00000000	9.549307111266e+08	9.649133243267e+08	7.612609154259e+08	4.288680867683e+09	3.231599557259e+09	1.634892974061e+09	2.633788946983e+09	3.558222586371e+08	3.589812709166e+08	2.277908957301e+09	1.622872919032e+09	2.695977673056e+09	1.882011460491e+08
190.00000000	9.612263342354e+08	9.712258763522e+08	7.654722528058e+08	4.342186294627e+09	3.266306023741e+09	1.654027352216e+09	2.665142471697e+09	3.562530954537e+08	3.594022438701e+08	2.288179952451e+09	1.629944354609e+09	2.737809921186e+09	1.895100236079e+08
192.00000000	9.674426937555e+08	9.774588069269e+08	7.696201075999e+08	4.395530326926e+09	3.300630943495e+09	1.673058253899e+09	2.696277752065e+09	3.566717877836e+08	3.598113345290e+08	2.298254728788e+09	1.636873895662e+09	2.779652357927e+09	1.907962237006e+08
194.00000000	9.735805186541e+08	9.836128556690e+08	7.737055632155e+08	4.448711755018e+09	3.334576348293e+09	1.691984720558e+09	2.727193317064e+09	3.570787754509e+08	3.602089740111e+08	2.308137307624e+09	1.643664749589e+09	2.821499246368e+09	1.920601156179e+08
196.00000000	9.796405357718e+08	9.896887596320e+08	7.777296743594e+08	4.501729314522e+09	3.368144454691e+09	1.710805845317e+09	2.757887871318e+09	3.574744791562e+08	3.605955746418e+08	2.317831644353e+09	1.650320054354e+09	2.863344987959e+09	1.933020677715e+08
198.00000000	9.856234710753e+08	9.956872545803e+08	7.816934689157e+08	4.554581688905e+09	3.401337649557e+09	1.729520771397e+09	2.788360285542e+09	3.578593014292e+08	3.609715308943e+08	2.327341627998e+09	1.656842879422e+09	2.905184122062e+09	1.945224472541e+08
200.00000000	9.915300506849e+08	1.001609076038e+09	7.855979496529e+08	4.607267512369e+09	3.434158476294e+09	1.748128690628e+09	2.818609587471e+09	3.582336275301e+08	3.613372202773e+08	2.336671080883e+09	1.663236226716e+09	2.947011325227e+09	1.957216194335e+08
202.00000000	9.973610017021e+08	1.007454960139e+09	7.894440957730e+08	4.659785372900e+09	3.466609621755e+09	1.766628842056e+09	2.848634953256e+09	3.585978263002e+08	3.616930041741e+08	2.345823758411e+09	1.669503031602e+09	2.988821410217e+09	1.968999475806e+08
204.00000000	1.003117052858e+09	1.013225644288e+09	7.932328643179e+08	4.712133815468e+09	3.498693903825e+09	1.785020510632e+09	2.878435699297e+09	3.589522509670e+08	3.620392286354e+08	2.354803348967e+09	1.675646163885e+09	3.030609324809e+09	1.980577925280e+08
206.00000000	1.008798935005e+09	1.018921867679e+09	7.969651914434e+08	4.764311345335e+09	3.530414259644e+09	1.803303025974e+09	2.908011274511e+09	3.592972399055e+08	3.623762251291e+08	2.363613473907e+09	1.681668428836e+09	3.072370150388e+09	1.991955123585e+08
208.00000000	1.014407381465e+09	1.024544371654e+09	8.006419935741e+08	4.816316431448e+09	3.561773734469e+09	1.821475761188e+09	2.937361253006e+09	3.596331173574e+08	3.627043112490e+08	2.372257687658e+09	1.687572568227e+09	3.114099100365e+09	2.003134621219e+08
210.00000000	1.019943128261e+09	1.030093899953e+09	8.042641684488e+08	4.868147509891e+09	3.592775471122e+09	1.839538131761e+09	2.966485327141e+09	3.599601941126e+08	3.630237913854e+08	2.380739477907e+09	1.693361261382e+09	3.155791518419e+09	2.014119935781e+08
212.00000000	1.025406914237e+09	1.035571198847e+09	8.078325960670e+08	4.919802987377e+09	3.623422700040e+09	1.857489594494e+09	2.995383300960e+09	3.602787681534e+08	3.633349573593e+08	2.389062265868e+09	1.699037126242e+09	3.197442876611e+09	2.024914549656e+08
214.00000000	1.030799481084e+09	1.040977017182e+09	8.113481395451e+08	4.971281244752e+09	3.653718729871e+09	1.875329646490e+09	3.024055083973e+09	3.605891252645e+08	3.636380890227e+08	2.397229406642e+09	1.704602720444e+09	3.239048773364e+09	2.035521907934e+08
216.00000000	1.036121573291e+09	1.046312106338e+09	8.148116458911e+08	5.022580640506e+09	3.683666938624e+09	1.893057824182e+09	3.052500685277e+09	3.608915396106e+08	3.639334548268e+08	2.405244189637e+09	1.710060542398e+09	3.280604931343e+09	2.045945416549e+08
218.00000000	1.041373938021e+09	1.051577220123e+09	8.182239467055e+08	5.073699514257e+09	3.713270765322e+09	1.910673702397e+09	3.080720207992e+09	3.611862742831e+08	3.642213123599e+08	2.413109839066e+09	1.715413032382e+09	3.322107195235e+09	2.056188440629e+08
220.00000000	1.046557324932e+09	1.056773114600e+09	8.215858588154e+08	5.124636190217e+09	3.742533702172e+09	1.928176893456e+09	3.108713843992e+09	3.614735818187e+08	3.645019088572e+08	2.420829514502e+09	1.720662573635e+09	3.363551529469e+09	2.066254303039e+08
222.00000000	1.051672485945e+09	1.061900547873e+09	8.248981848481e+08	5.175388980597e+09	3.771459287190e+09	1.945567046297e+09	3.136481868932e+09	3.617537046897e+08	3.647754816835e+08	2.428406311493e+09	1.725811493452e+09	3.404934015858e+09	2.076146283107e+08
224.00000000	1.056720174980e+09	1.066960279827e+09	8.281617137505e+08	5.225956188969e+09	3.800051097301e+09	1.962843845635e+09	3.164024637528e+09	3.620268757700e+08	3.650422587903e+08	2.435843262225e+09	1.730862064283e+09	3.446250851212e+09	2.085867615516e+08
226.00000000	1.061701147644e+09	1.071953071833e+09	8.313772212604e+08	5.276336113554e+09	3.828312741862e+09	1.980007011130e+09	3.191342579107e+09	3.622933187756e+08	3.653024591501e+08	2.443143336238e+09	1.735816504825e+09	3.487498344901e+09	2.095421489363e+08
228.00000000	1.066616160908e+09	1.076879686424e+09	8.345454703327e+08	5.326527050437e+09	3.856247856606e+09	1.997056296590e+09	3.218436193386e+09	3.625532486836e+08	3.655562931667e+08	2.450309441175e+09	1.740676981121e+09	3.528672916401e+09	2.104811047359e+08
230.00000000	1.071465972751e+09	1.081740886958e+09	8.376672115272e+08	5.376527296695e+09	3.883860097980e+09	2.013991489183e+09	3.245306046478e+09	3.628068721285e+08	3.658039630661e+08	2.457344423578e+09	1.745445607646e+09	3.569771092830e+09	2.114039385164e+08
232.00000000	1.076251341794e+09	1.086537437258e+09	8.407431833612e+08	5.426335153442e+09	3.911153137866e+09	2.030812408664e+09	3.271952767118e+09	3.630543877793e+08	3.660456632656e+08	2.464251069713e+09	1.750124448386e+09	3.610789506473e+09	2.123109550855e+08
234.00000000	1.080973026925e+09	1.091270101239e+09	8.437741126300e+08	5.475948928767e+09	3.938130658650e+09	2.047518906624e+09	3.298377043081e+09	3.632959866963e+08	3.662815807256e+08	2.471032106420e+09	1.754715517921e+09	3.651724892314e+09	2.132024544513e+08
236.00000000	1.085631786910e+09	1.095939642534e+09	8.467607147001e+08	5.525366940583e+09	3.964796348644e+09	2.064110865742e+09	3.324579617799e+09	3.635318526713e+08	3.665118952824e+08	2.477690201997e+09	1.759220782488e+09	3.692574085582e+09	2.140787317906e+08
238.00000000	1.090228380009e+09	1.100546824112e+09	8.497036937768e+08	5.574587519357e+09	3.991153897824e+09	2.080588199055e+09	3.350561287148e+09	3.637621625488e+08	3.667367799649e+08	2.484227967099e+09	1.763642161038e+09	3.733334019313e+09	2.149400774292e+08
240.00000000	1.094763563586e+09	1.105092407899e+09	8.526037431503e+08	5.623609010747e+09	4.017206993877e+09	2.096950849233e+09	3.376322896409e+09	3.639870865331e+08	3.669564012949e+08	2.490647955660e+09	1.767981526288e+09	3.774001721938e+09	2.157867768295e+08
242.00000000	1.099238093724e+09	1.109577154395e+09	8.554615454217e+08	5.672429778112e+09	4.042959318542e+09	2.113198787868e+09	3.401865337384e+09	3.642067884785e+08	3.671709195732e+08	2.496952665827e+09	1.772240705751e+09	3.814574314900e+09	2.166191105884e+08
244.00000000	1.103652724847e+09	1.114001822303e+09	8.582777727116e+08	5.721048204923e+09	4.068414544222e+09	2.129332014766e+09	3.427189545663e+09	3.644214261661e+08	3.673804891503e+08	2.503144540906e+09	1.776421482764e+09	3.855049010309e+09	2.174373544413e+08
246.00000000	1.108008209343e+09	1.118367168160e+09	8.610530868531e+08	5.769462697049e+09	4.093576330860e+09	2.145350557249e+09	3.452296498032e+09	3.646311515664e+08	3.675852586850e+08	2.509225970324e+09	1.780525597497e+09	3.895423108630e+09	2.182417792747e+08
248.00000000	1.112305297200e+09	1.122673945979e+09	8.637881395723e+08	5.817671684931e+09	4.118448323058e+09	2.161254469466e+09	3.477187210010e+09	3.648361110897e+08	3.677853713890e+08	2.515199290594e+09	1.784554747950e+09	3.935693996415e+09	2.190326511447e+08
250.00000000	1.116544735655e+09	1.126922906896e+09	8.664835726556e+08	5.865673625645e+09	4.143034147430e+09	2.177043831706e+09	3.501862733512e+09	3.650364458233e+08	3.679809652611e+08	2.521066786278e+09	1.788510590932e+09	3.975859144084e+09	2.198102313010e+08
252.00000000	1.120727268844e+09	1.131114798834e+09	8.691400181074e+08	5.913467004843e+09	4.167337410176e+09	2.192718749722e+09	3.526324154635e+09	3.652322917581e+08	3.681721733084e+08	2.526830690968e+09	1.792394743034e+09	4.015916103747e+09	2.205747762174e+08
254.00000000	1.124853637476e+09	1.135250366177e+09	8.717580982984e+08	5.961050338585e+09	4.191361694858e+09	2.208279354055e+09	3.550572591544e+09	3.654237800040e+08	3.683591237580e+08	2.532493188257e+09	1.796208781575e+09	4.055862507079e+09	2.213265376263e+08
256.00000000	1.128924578514e+09	1.139330349452e+09	8.743384261063e+08	6.008422175047e+09	4.215110560372e+09	2.223725799373e+09	3.574609192470e+09	3.656110369949e+08	3.685419402580e+08	2.538056412709e+09	1.799954245543e+09	4.095696063243e+09	2.220657625580e+08
258.00000000	1.132940824866e+09	1.143355485033e+09	8.768816050488e+08	6.055581096132e+09	4.238587539105e+09	2.239058263807e+09	3.598435133805e+09	3.657941846834e+08	3.687207420689e+08	2.543522450833e+09	1.803632636509e+09	4.135414556867e+09	2.227926933840e+08
260.00000000	1.136903105097e+09	1.147326504849e+09	8.793882294116e+08	6.102525718957e+09	4.261796135264e+09	2.254276948295e+09	3.622051618287e+09	3.659733407278e+08	3.688956442462e+08	2.548893342046e+09	1.807245419538e+09	4.175015846073e+09	2.235075678637e+08
262.00000000	1.140812143154e+09	1.151244136116e+09	8.818588843710e+08	6.149254697234e+09	4.284739823359e+09	2.269382075937e+09	3.645459873272e+09	3.661486186684e+08	3.690667578138e+08	2.554171079638e+09	1.810794024067e+09	4.214497860557e+09	2.242106191946e+08
264.00000000	1.144668658097e+09	1.155109101071e+09	8.842941461111e+08	6.195766722546e+09	4.307422046846e+09	2.284373891350e+09	3.668661149094e+09	3.663201280967e+08	3.692341899302e+08	2.559357611720e+09	1.814279844784e+09	4.253858599722e+09	2.249020760651e+08
266.00000000	1.148473363860e+09	1.158922116738e+09	8.866945819390e+08	6.242060525520e+09	4.329846216910e+09	2.299252660031e+09	3.691656717499e+09	3.664879748168e+08	3.693980440458e+08	2.564454842173e+09	1.817704242474e+09	4.293096130868e+09	2.255821627096e+08
268.00000000	1.152226969010e+09	1.162683894686e+09	8.890607503951e+08	6.288134876888e+09	4.352015711373e+09	2.314018667727e+09	3.714447870149e+09	3.666522609982e+08	3.695584200537e+08	2.569464631588e+09	1.821068544858e+09	4.332208587429e+09	2.262510989667e+08
270.00000000	1.155930176532e+09	1.166395140823e+09	8.913932013615e+08	6.333988588461e+09	4.373933873738e+09	2.328672219809e+09	3.737035917202e+09	3.668130853229e+08	3.697154144332e+08	2.574388798186e+09	1.824374047412e+09	4.371194167267e+09	2.269091003379e+08
272.00000000	1.159583683623e+09	1.170056555186e+09	8.936924761679e+08	6.379620513995e+09	4.395604012339e+09	2.343213640657e+09	3.759422185956e+09	3.669705431248e+08	3.698691203867e+08	2.579229118744e+09	1.827622014169e+09	4.410051131016e+09	2.275563780494e+08
274.00000000	1.163188181501e+09	1.173668831761e+09	8.959591076956e+08	6.425029549969e+09	4.417029399606e+09	2.357643273046e+09	3.781608019552e+09	3.671247265233e+08	3.700196279707e+08	2.583987329492e+09	1.830813678504e+09	4.448777800472e+09	2.281931391143e+08
276.00000000	1.166744355229e+09	1.177232658302e+09	8.981936204801e+08	6.470214636272e+09	4.438213271426e+09	2.371961477544e+09	3.803594775737e+09	3.672757245501e+08	3.701670242201e+08	2.588665127013e+09	1.833950243899e+09	4.487372557041e+09	2.288195863964e+08
278.00000000	1.170252883551e+09	1.180748716173e+09	9.003965308113e+08	6.515174756796e+09	4.459158826602e+09	2.386168631914e+09	3.825383825689e+09	3.674236232716e+08	3.703113932677e+08	2.593264169120e+09	1.837032884701e+09	4.525833840230e+09	2.294359186749e+08
280.00000000	1.173714438739e+09	1.184217680199e+09	9.025683468343e+08	6.559908939947e+09	4.479869226394e+09	2.400265130522e+09	3.846976552887e+09	3.675685059041e+08	3.704528164576e+08	2.597786075726e+09	1.840062746848e+09	4.564160146186e+09	2.300423307097e+08
282.00000000	1.177129686461e+09	1.187640218533e+09	9.047095686473e+08	6.604416259078e+09	4.500347594150e+09	2.414251383759e+09	3.868374352033e+09	3.677104529254e+08	3.705913724543e+08	2.602232429697e+09	1.843040948594e+09	4.602350026284e+09	2.306390133079e+08
284.00000000	1.180499285651e+09	1.191016992529e+09	9.068206884006e+08	6.648695832838e+09	4.520597015006e+09	2.428127817463e+09	3.889578628024e+09	3.678495421802e+08	3.707271373462e+08	2.606604777697e+09	1.845968581206e+09	4.640402085759e+09	2.312261533899e+08
286.00000000	1.183823888398e+09	1.194348656636e+09	9.089021903938e+08	6.692746825444e+09	4.540620535652e+09	2.441894872355e+09	3.910590794972e+09	3.679858489819e+08	3.708601847449e+08	2.610904631010e+09	1.848846709650e+09	4.678314982377e+09	2.318039340565e+08
288.00000000	1.187104139840e+09	1.197635858291e+09	9.109545511724e+08	6.736568446884e+09	4.560421164179e+09	2.455553003479e+09	3.931412275258e+09	3.681194462092e+08	3.709905858802e+08	2.615133466355e+09	1.851676373262e+09	4.716087425159e+09	2.323725346554e+08
290.00000000	1.190340678081e+09	1.200879237837e+09	9.129782396249e+08	6.780159953050e+09	4.580001869965e+09	2.469102679650e+09	3.952044498638e+09	3.682504043988e+08	3.711184096905e+08	2.619292726686e+09	1.854458586397e+09	4.753718173132e+09	2.329321308490e+08
292.00000000	1.193534134103e+09	1.204079428443e+09	9.149737170787e+08	6.823520645803e+09	4.599365583633e+09	2.482544382916e+09	3.972488901377e+09	3.683787918340e+08	3.712437229102e+08	2.623383821972e+09	1.857194339072e+09	4.791206034133e+09	2.334828946804e+08
294.00000000	1.196685131704e+09	1.207237056034e+09	9.169414373960e+08	6.866649872975e+09	4.618515197050e+09	2.495878608024e+09	3.992746925434e+09	3.685046746292e+08	3.713665901518e+08	2.627408129969e+09	1.859884597582e+09	4.828549863644e+09	2.340249946407e+08
296.00000000	1.199794287429e+09	1.210352739234e+09	9.188818470695e+08	6.909547028313e+09	4.637453563381e+09	2.509105861893e+09	4.012820017666e+09	3.686281168114e+08	3.714870739862e+08	2.631366996972e+09	1.862530305111e+09	4.865748563663e+09	2.345585957352e+08
298.00000000	1.202862210528e+09	1.213427089318e+09	9.207953853177e+08	6.952211551361e+09	4.656183497175e+09	2.522226663103e+09	4.032709629081e+09	3.687491803976e+08	3.716052350182e+08	2.635261738557e+09	1.865132382324e+09	4.902801081613e+09	2.350838595497e+08
300.00000000	1.205889502909e+09	1.216460710171e+09	9.226824841799e+08	6.994642927291e+09	4.674707774505e+09	2.535241541385e+09	4.052417214117e+09	3.688679254692e+08	3.717211319594e+08	2.639093640301e+09	1.867691727942e+09	4.939706409287e+09	2.356009443158e+08
302.00000000	1.208876759107e+09	1.219454198255e+09	9.245435686114e+08	7.036840686685e+09	4.693029133133e+09	2.548151037126e+09	4.071944229948e+09	3.689844102432e+08	3.718348216981e+08	2.642863958498e+09	1.870209219305e+09	4.976463581820e+09	2.361100049761e+08
304.00000000	1.211824566259e+09	1.222408142590e+09	9.263790565778e+08	7.078804405263e+09	4.711150272710e+09	2.560955700880e+09	4.091292135828e+09	3.690986911405e+08	3.719463593659e+08	2.646573920850e+09	1.872685712923e+09	5.013071676697e+09	2.366111932490e+08
306.00000000	1.214733504087e+09	1.225323124733e+09	9.281893591499e+08	7.120533703569e+09	4.729073855013e+09	2.573656092893e+09	4.110462392456e+09	3.692108228510e+08	3.720557984016e+08	2.650224727147e+09	1.875122045010e+09	5.049529812789e+09	2.371046576921e+08
308.00000000	1.217604144884e+09	1.228199718772e+09	9.299748805972e+08	7.162028246613e+09	4.746802504198e+09	2.586252782629e+09	4.129456461377e+09	3.693208583963e+08	3.721631906125e+08	2.653817549935e+09	1.877519032003e+09	5.085837149420e+09	2.375905437660e+08
310.00000000	1.220437053519e+09	1.231038491323e+09	9.317360184827e+08	7.203287743472e+09	4.764338807089e+09	2.598746348314e+09	4.148275804396e+09	3.694288491899e+08	3.722685862335e+08	2.657353535169e+09	1.879877471074e+09	5.121992885457e+09	2.380689938960e+08
312.00000000	1.223232787432e+09	1.233840001537e+09	9.334731637557e+08	7.244311946854e+09	4.781685313485e+09	2.611137376484e+09	4.166921883032e+09	3.695348450945e+08	3.723720339830e+08	2.660833802843e+09	1.882198140620e+09	5.157996258429e+09	2.385401475347e+08
314.00000000	1.225991896648e+09	1.236604801108e+09	9.351867008455e+08	7.285100652630e+09	4.798844536480e+09	2.623426461548e+09	4.185396157985e+09	3.696388944773e+08	3.724735811172e+08	2.664259447624e+09	1.884481800750e+09	5.193846543674e+09	2.390041412221e+08
316.00000000	1.228714923792e+09	1.239333434289e+09	9.368770077542e+08	7.325653699325e+09	4.815818952818e+09	2.635614205355e+09	4.203700088628e+09	3.697410442632e+08	3.725732734815e+08	2.667631539451e+09	1.886729193752e+09	5.229543053507e+09	2.394611086464e+08
318.00000000	1.231402404110e+09	1.242026437918e+09	9.385444561493e+08	7.365970967585e+09	4.832611003243e+09	2.647701216772e+09	4.221835132528e+09	3.698413399849e+08	3.726711555610e+08	2.670951124136e+09	1.888941044549e+09	5.265085136407e+09	2.399111807025e+08
320.00000000	1.234054865491e+09	1.244684341442e+09	9.401894114557e+08	7.406052379618e+09	4.849223092885e+09	2.659688111275e+09	4.239802744979e+09	3.699398258323e+08	3.727672705271e+08	2.674219223945e+09	1.891118061148e+09	5.300472176235e+09	2.403544855509e+08
322.00000000	1.236672828505e+09	1.247307666947e+09	9.418122329477e+08	7.445897898601e+09	4.865657591637e+09	2.671575510547e+09	4.257604378562e+09	3.700365446991e+08	3.728616602845e+08	2.677436838165e+09	1.893260935072e+09	5.335703591464e+09	2.407911486747e+08
324.00000000	1.239256806430e+09	1.249896929198e+09	9.434132738395e+08	7.485507528071e+09	4.881916834564e+09	2.683364042083e+09	4.275241482722e+09	3.701315382274e+08	3.729543655140e+08	2.680604943660e+09	1.895370341783e+09	5.370778834438e+09	2.412212929367e+08
326.00000000	1.241807305299e+09	1.252452635677e+09	9.449928813768e+08	7.524881311286e+09	4.898003122303e+09	2.695054338813e+09	4.292715503364e+09	3.702248468513e+08	3.730454257155e+08	2.683724495412e+09	1.897446941091e+09	5.405697390637e+09	2.416450386342e+08
328.00000000	1.244324823936e+09	1.254975286629e+09	9.465513969260e+08	7.564019330580e+09	4.913918721487e+09	2.706647038724e+09	4.310027882466e+09	3.703165098380e+08	3.731348792481e+08	2.686796427053e+09	1.899491377557e+09	5.440458777977e+09	2.420625035544e+08
330.00000000	1.246809854010e+09	1.257465375107e+09	9.480891560643e+08	7.602921706682e+09	4.929665865160e+09	2.718142784497e+09	4.327180057715e+09	3.704065653277e+08	3.732227633693e+08	2.689821651378e+09	1.901504280883e+09	5.475062546111e+09	2.424738030276e+08
332.00000000	1.249262880078e+09	1.259923387025e+09	9.496064886686e+08	7.641588598033e+09	4.945246753217e+09	2.729542223155e+09	4.344173462155e+09	3.704950503716e+08	3.733091142723e+08	2.692801060853e+09	1.903486266290e+09	5.509508275758e+09	2.428790499803e+08
334.00000000	1.251684379645e+09	1.262349801212e+09	9.511037190034e+08	7.680020200084e+09	4.960663552827e+09	2.740846005719e+09	4.361009523849e+09	3.705820009692e+08	3.733939671217e+08	2.695735528106e+09	1.905437934888e+09	5.543795578042e+09	2.432783549868e+08
336.00000000	1.254074823215e+09	1.264745089467e+09	9.525811658086e+08	7.718216744579e+09	4.975918398879e+09	2.752054786869e+09	4.377689665565e+09	3.706674521030e+08	3.734773560885e+08	2.698625906405e+09	1.907359874034e+09	5.577924093848e+09	2.436718263202e+08
338.00000000	1.256434674352e+09	1.267109716622e+09	9.540391423865e+08	7.756178498832e+09	4.991013394419e+09	2.763169224620e+09	4.394215304472e+09	3.707514377728e+08	3.735593143829e+08	2.701473030132e+09	1.909252657686e+09	5.611893493193e+09	2.440595700022e+08
340.00000000	1.258764389742e+09	1.269444140603e+09	9.554779566877e+08	7.793905764989e+09	5.005950611093e+09	2.774189980005e+09	4.410587851847e+09	3.708339910283e+08	3.736398742866e+08	2.704277715235e+09	1.911116846739e+09	5.645703474606e+09	2.444416898522e+08
342.00000000	1.261064419256e+09	1.271748812491e+09	9.568979113967e+08	7.831398879287e+09	5.020732089593e+09	2.785117716766e+09	4.426808712806e+09	3.709151440005e+08	3.737190671833e+08	2.707040759679e+09	1.912952989359e+09	5.679353764529e+09	2.448182875352e+08
344.00000000	1.263335206012e+09	1.274024176592e+09	9.582993040163e+08	7.868658211300e+09	5.035359840095e+09	2.795953101054e+09	4.442879286037e+09	3.709949279316e+08	3.737969235883e+08	2.709762943876e+09	1.914761621306e+09	5.712844116724e+09	2.451894626088e+08
346.00000000	1.265577186448e+09	1.276270670503e+09	9.596824269516e+08	7.905684163187e+09	5.049835842711e+09	2.806696801141e+09	4.458800963558e+09	3.710733732048e+08	3.738734731768e+08	2.712445031114e+09	1.916543266246e+09	5.746174311696e+09	2.455553125697e+08
348.00000000	1.267790790388e+09	1.278488725182e+09	9.610475675926e+08	7.942477168931e+09	5.064162047927e+09	2.817349487136e+09	4.474575130477e+09	3.711505093715e+08	3.739487448116e+08	2.715087767969e+09	1.918298436060e+09	5.779344156121e+09	2.459159328985e+08
350.00000000	1.269976441111e+09	1.280678765020e+09	9.623950083970e+08	7.979037693577e+09	5.078340377047e+09	2.827911830713e+09	4.490203164774e+09	3.712263651787e+08	3.740227665691e+08	2.717691884711e+09	1.920027631136e+09	5.812353482298e+09	2.462714171044e+08
352.00000000	1.272134555425e+09	1.282841207912e+09	9.637250269705e+08	8.015366232463e+09	5.092372722631e+09	2.838384504846e+09	4.505686437085e+09	3.713009685948e+08	3.740955657649e+08	2.720258095692e+09	1.921731340665e+09	5.845202147594e+09	2.466218567681e+08
354.00000000	1.274265543738e+09	1.284976465328e+09	9.650378961481e+08	8.051463310463e+09	5.106260948936e+09	2.848768183551e+09	4.521026310504e+09	3.713743468343e+08	3.741671689779e+08	2.722787099736e+09	1.923410042915e+09	5.877890033914e+09	2.469673415849e+08
356.00000000	1.276369810135e+09	1.287084942395e+09	9.663338840726e+08	8.087329481211e+09	5.120006892347e+09	2.859063541639e+09	4.536224140397e+09	3.714465263826e+08	3.742376020744e+08	2.725279580511e+09	1.925064205514e+09	5.910417047175e+09	2.473079594057e+08
358.00000000	1.278447752449e+09	1.289167037965e+09	9.676132542742e+08	8.122965326346e+09	5.133612361814e+09	2.869271254478e+09	4.551281274221e+09	3.715175330181e+08	3.743068902299e+08	2.727736206894e+09	1.926694285708e+09	5.942783116787e+09	2.476437962783e+08
360.00000000	1.280499762338e+09	1.291223144694e+09	9.688762657471e+08	8.158371454744e+09	5.147079139275e+09	2.879391997754e+09	4.566199051358e+09	3.715873918354e+08	3.743750579517e+08	2.730157633326e+09	1.928300730626e+09	5.974988195147e+09	2.479749364869e+08
362.00000000	1.282526225362e+09	1.293253649117e+09	9.701231730268e+08	8.193548501763e+09	5.160408980086e+09	2.889426447256e+09	4.580978802955e+09	3.716561272665e+08	3.744421290995e+08	2.732544500159e+09	1.929883977533e+09	6.007032257137e+09	2.483014625911e+08
364.00000000	1.284527521058e+09	1.295258931729e+09	9.713542262655e+08	8.228497128484e+09	5.173603613437e+09	2.899375278649e+09	4.595621851780e+09	3.717237631012e+08	3.745081269059e+08	2.734897433995e+09	1.931444454071e+09	6.038915299640e+09	2.486234554643e+08
366.00000000	1.286504023020e+09	1.297239367059e+09	9.725696713072e+08	8.263218020958e+09	5.186664742774e+09	2.909239167272e+09	4.610129512081e+09	3.717903225078e+08	3.745730739958e+08	2.737217048016e+09	1.932982578502e+09	6.070637341051e+09	2.489409943311e+08
368.00000000	1.288456098971e+09	1.299195323749e+09	9.737697497610e+08	8.297711889465e+09	5.199594046207e+09	2.919018787931e+09	4.624503089453e+09	3.718558280515e+08	3.746369924050e+08	2.739503942303e+09	1.934498759940e+09	6.102198420805e+09	2.492541568033e+08
370.00000000	1.290384110849e+09	1.301127164632e+09	9.749546990743e+08	8.331979467771e+09	5.212393176918e+09	2.928714814709e+09	4.638743880722e+09	3.719203017138e+08	3.746999035989e+08	2.741758704152e+09	1.935993398578e+09	6.133598598910e+09	2.495630189164e+08
372.00000000	1.292288414874e+09	1.303035246810e+09	9.761247526045e+08	8.366021512390e+09	5.225063763567e+09	2.938327920773e+09	4.652853173831e+09	3.719837649098e+08	3.747618284896e+08	2.743981908376e+09	1.937466885907e+09	6.164837955487e+09	2.498676551639e+08
374.00000000	1.294169361636e+09	1.304919921733e+09	9.772801396898e+08	8.399838801861e+09	5.237607410684e+09	2.947858778196e+09	4.666832247730e+09	3.720462385058e+08	3.748227874531e+08	2.746174117606e+09	1.938919604933e+09	6.195916590318e+09	2.501681385318e+08
376.00000000	1.296027296166e+09	1.306781535277e+09	9.784210857192e+08	8.433432136025e+09	5.250025699069e+09	2.957308057781e+09	4.680682372287e+09	3.721077428358e+08	3.748828003452e+08	2.748335882576e+09	1.940351930381e+09	6.226834622399e+09	2.504645405318e+08
378.00000000	1.297862558016e+09	1.308620427820e+09	9.795478122012e+08	8.466802335315e+09	5.262320186173e+09	2.966676428897e+09	4.694404808190e+09	3.721682977180e+08	3.749418865175e+08	2.750467742412e+09	1.941764228905e+09	6.257592189502e+09	2.507569312344e+08
380.00000000	1.299675481338e+09	1.310436934323e+09	9.806605368318e+08	8.499950240049e+09	5.274492406485e+09	2.975964559313e+09	4.708000806872e+09	3.722279224696e+08	3.750000648328e+08	2.752570224904e+09	1.943156859280e+09	6.288189447745e+09	2.510453793003e+08
382.00000000	1.301466394958e+09	1.312231384407e+09	9.817594735614e+08	8.532876709732e+09	5.286543871907e+09	2.985173115046e+09	4.721471610430e+09	3.722866359225e+08	3.750573536793e+08	2.754643846772e+09	1.944530172599e+09	6.318626571160e+09	2.513299520118e+08
384.00000000	1.303235622455e+09	1.314004102429e+09	9.828448326607e+08	8.565582622378e+09	5.298476072124e+09	2.994302760211e+09	4.734818451557e+09	3.723444564374e+08	3.751137709849e+08	2.756689113932e+09	1.945884512457e+09	6.348903751281e+09	2.516107153036e+08
386.00000000	1.304983482238e+09	1.315755407558e+09	9.839168207856e+08	8.598068873821e+09	5.310290474974e+09	3.003354156882e+09	4.748042553484e+09	3.724014019178e+08	3.751693342311e+08	2.758706521750e+09	1.947220215134e+09	6.379021196725e+09	2.518877337920e+08
388.00000000	1.306710287620e+09	1.317485613856e+09	9.849756410411e+08	8.630336377057e+09	5.321988526804e+09	3.012327964949e+09	4.761145129918e+09	3.724574898237e+08	3.752240604658e+08	2.760696555290e+09	1.948537609773e+09	6.408979132788e+09	2.521610708048e+08
390.00000000	1.308416346896e+09	1.319195030348e+09	9.860214930444e+08	8.662386061579e+09	5.333571652832e+09	3.021224841991e+09	4.774127384996e+09	3.725127371843e+08	3.752779663165e+08	2.762659689553e+09	1.949837018556e+09	6.438777801043e+09	2.524307884089e+08
392.00000000	1.310101963417e+09	1.320883961104e+09	9.870545729867e+08	8.694218872734e+09	5.345041257487e+09	3.030045443153e+09	4.786990513238e+09	3.725671606111e+08	3.753310680022e+08	2.764596389720e+09	1.951118756867e+09	6.468417458941e+09	2.526969474392e+08
394.00000000	1.311767435666e+09	1.322552705309e+09	9.880750736945e+08	8.725835771080e+09	5.356398724763e+09	3.038790421018e+09	4.799735699508e+09	3.726207763095e+08	3.753833813456e+08	2.766507111376e+09	1.952383133458e+09	6.497898379428e+09	2.529596075246e+08
396.00000000	1.313413057330e+09	1.324201557341e+09	9.890831846894e+08	8.757237731763e+09	5.367645418552e+09	3.047460425500e+09	4.812364118984e+09	3.726736000910e+08	3.754349217844e+08	2.768392300738e+09	1.953630450608e+09	6.527220850554e+09	2.532188271155e+08
398.00000000	1.315039117376e+09	1.325830806841e+09	9.900790922470e+08	8.788425743901e+09	5.378782682977e+09	3.056056103733e+09	4.824876937127e+09	3.727256473844e+08	3.754857043825e+08	2.770252394872e+09	1.954861004282e+09	6.556385175099e+09	2.534746635093e+08
400.00000000	1.316645900122e+09	1.327440738790e+09	9.910629794558e+08	8.819400809974e+09	5.389811842722e+09	3.064578099963e+09	4.837275309656e+09	3.727769332467e+08	3.755357438407e+08	2.772087821905e+09	1.956075084276e+09	6.585391670199e+09	2.537271728759e+08
